applicant_id,gender,respondent_id,collector_id,start_date,end_date,custom_data_1,project_id,project_title,skills_r,skills_python,skills_sql,skills_git,skills_javascript_frontend,skills_html_css,skills_node_js_javascript_backend,techniques_data_cleaning,techniques_data_anonymization,techniques_database_management,techniques_descriptive_statistics,techniques_data_visualization,techniques_inferential_statistics,techniques_regressions_and_modelling,techniques_classification,techniques_clustering,techniques_natural_language_processing,techniques_neural_networks_deep_learning,techniques_processing_of_image_data,techniques_processing_of_audio_data,topics_development_of_theories_of_change,topics_development_of_indicators,topics_research_design,topics_survey_design,topics_data_protection,topics_data_security,topics_working_agile,topics_project_management,project_role,motivation_skills,motivation_why_involved,consent_privacy_policy
1,Male,415,NA,NA,NA,NA,EXA-00-0000,Example Project,User,Advanced,Advanced,User,Advanced,User,Advanced,Beginner,Beginner,Expert,User,Beginner,Expert,Beginner,Expert,Advanced,Advanced,Beginner,Expert,Expert,Beginner,Expert,Expert,Advanced,User,Beginner,Beginner,Expert,Team lead,Light company off clear mind contain himself once. Character conference Democrat name whatever responsibility. Adult since education teacher word thing.,"You necessary system well industry dog. Maintain rest law compare.
Project ball moment miss collection during. Store what its medical seem standard Democrat.",NA
2,Non-binary,463,NA,NA,NA,NA,EXA-00-0000,Example Project,Advanced,Expert,User,Expert,Beginner,User,User,Beginner,User,Expert,User,User,Beginner,Advanced,Expert,Expert,Advanced,Advanced,Expert,Beginner,User,Advanced,Advanced,Expert,Expert,Expert,User,Expert,Team trainee,"They resource game argue enjoy. Nature before choose.
Although successful mention lay example view. Strong subject record star radio situation. Human lead democratic rate include worker ready.",Record society order like upon news after. Camera participant something seven animal game eye behavior. Center perhaps candidate join.,NA
3,Female,179,NA,NA,NA,NA,EXA-00-0000,Example Project,User,Beginner,Advanced,Advanced,Advanced,Advanced,User,Expert,Advanced,Advanced,User,User,Advanced,Expert,Advanced,Expert,User,Advanced,Beginner,Beginner,Expert,Beginner,Expert,Advanced,Advanced,Expert,Beginner,Beginner,Team member,"Treat gas career situation ago wind. Campaign get act language present. At view role garden part wish door.
Daughter treat fast region. Country into success hear. Already film no half big.","Some your bar will sometimes last other.
Interest professor cell realize. Assume national dog physical car difficult. Direction team miss people by future.
Federal what share role.",NA
4,Female,526,NA,NA,NA,NA,EXA-00-0000,Example Project,Advanced,Advanced,Expert,Expert,Expert,Expert,Beginner,User,Expert,Expert,Beginner,User,Advanced,User,Advanced,Advanced,User,Expert,User,Beginner,User,Advanced,Expert,Expert,Expert,Beginner,Advanced,Beginner,Team member,Player teach on discussion phone day because. Research community price.,"Player everything defense large top world. Huge establish attorney but she. Happen spring shake team teacher Mrs.
Bed into think. Owner live since result. Term relate surface explain money.",NA
5,I do not want to disclose my gender,195,NA,NA,NA,NA,EXA-00-0000,Example Project,User,User,Beginner,Beginner,User,User,Advanced,Beginner,Expert,Beginner,Beginner,User,User,User,Expert,Advanced,User,Beginner,Expert,User,Advanced,Beginner,Beginner,User,Beginner,Advanced,Expert,User,Team trainee,"Cultural enter whose myself. Each at include herself.
Western she draw peace debate. Modern statement affect maybe two save.","Heart your under part machine toward do. Television policy food wife economic evening nearly.
Boy light believe me. Power any young many.",NA
6,Female,938,NA,NA,NA,NA,EXA-00-0000,Example Project,User,Beginner,Advanced,Advanced,Expert,Expert,Advanced,Advanced,Beginner,User,User,Beginner,Advanced,Beginner,Expert,Advanced,Beginner,User,Advanced,Expert,Expert,User,Expert,Expert,User,Advanced,User,Beginner,Team trainee,"Everybody big boy police allow. Some seek east firm.
Him great them. Door material society tell. Next art relationship work situation improve challenge. Pressure picture fast rock owner.","Enter president especially pattern. Western deep daughter paper.
Drive name tell argue truth national simple maybe. Wide important difference city. Night success speak quickly ground street away ok.",NA
7,Female,818,NA,NA,NA,NA,EXA-00-0000,Example Project,Beginner,User,Expert,Beginner,Beginner,Expert,Beginner,Advanced,Beginner,Advanced,Advanced,Beginner,Beginner,User,User,Advanced,Advanced,Advanced,Expert,Beginner,Advanced,User,User,Beginner,Beginner,Advanced,Advanced,User,Team member,"Series Republican subject task matter receive effort.
Return minute report treat eat design evidence. Type husband day road. Call push alone everyone art room sport.",Or bad PM represent quality event safe. During enter hospital whom try small boy. Lot manage picture. Industry understand purpose should plan.,NA
8,Female,118,NA,NA,NA,NA,EXA-00-0000,Example Project,Beginner,User,User,User,Expert,Beginner,Expert,User,User,Beginner,Beginner,Beginner,Expert,Beginner,Advanced,Advanced,Advanced,User,Beginner,Expert,Expert,Advanced,Expert,Expert,Expert,Expert,Advanced,User,Team trainee,"Nice term media. That form eat itself prove itself. Wide different simply world audience.
Structure nothing clearly outside detail hand. A several soon common any. Name tough central leave.","Produce value rock American charge. Adult within important yard.
Choice part machine government common. Item lead ahead prepare easy. Range amount we and discover account voice.",NA
9,I do not want to disclose my gender,299,NA,NA,NA,NA,EXA-00-0000,Example Project,Advanced,Advanced,Beginner,Expert,Advanced,Advanced,Expert,User,Expert,Expert,Expert,Advanced,Expert,Expert,User,Advanced,Expert,Beginner,User,Expert,Beginner,Advanced,Advanced,Beginner,Beginner,Beginner,User,Expert,Team trainee,"Government specific voice almost.
Situation Republican dog voice step south seek. Skin name spend dog well. Head music one piece enough Republican.","Sense movement quickly trial. Because land admit property cold material lot. Couple push such maintain half along within.
Already religious military inside. Read structure five church fall.",NA
10,Non-binary,229,NA,NA,NA,NA,EXA-00-0000,Example Project,Beginner,Expert,Expert,User,Expert,User,User,Expert,Advanced,Advanced,Advanced,User,Beginner,Expert,User,User,Advanced,User,Beginner,Expert,Beginner,Advanced,User,User,Expert,Expert,User,User,Team lead,"Executive item find describe suffer establish difficult.
Choose town respond. Night budget still agree cultural exist.
Upon require almost apply ability too month. Reduce traditional some nor six.",Can its choose scientist baby pattern perhaps. South tax research song because amount. Agent perhaps continue feeling two never.,NA
11,Female,244,NA,NA,NA,NA,EXA-00-0000,Example Project,Beginner,Expert,User,Expert,Advanced,Expert,User,Beginner,Beginner,Expert,User,User,Advanced,Beginner,User,User,Advanced,Beginner,Advanced,Expert,Beginner,Advanced,Advanced,Expert,Beginner,User,Expert,Beginner,Team trainee,Line same subject drive box store civil. Media whether reason base. Return yet animal real huge fear agent decade. Response sing president trouble set it I song.,"Black world participant third in.
Bag class civil determine responsibility.
Friend yeah road kind rest. Protect new say simply teacher how.",NA
12,I do not want to disclose my gender,14,NA,NA,NA,NA,EXA-00-0000,Example Project,User,User,User,Beginner,Advanced,Advanced,Expert,User,Beginner,User,User,Expert,Expert,User,Beginner,Beginner,Beginner,Beginner,Expert,Beginner,Expert,Advanced,User,Advanced,Advanced,User,Advanced,Advanced,Team trainee,"Major less large key individual occur know. Thought own address wide none idea. Writer people too a early down.
Race choice state ever perhaps stock choose. Break begin white able quickly.","Well southern toward action door gun. War chance professional population general economic personal.
Per war least peace chair. Newspaper coach our year yet. Degree maybe nearly.",NA
13,Non-binary,374,NA,NA,NA,NA,EXA-00-0000,Example Project,User,Beginner,User,Beginner,Beginner,User,Beginner,Expert,Beginner,Beginner,User,Beginner,Expert,Expert,Beginner,Beginner,Advanced,Beginner,Advanced,Beginner,Advanced,Advanced,User,User,Expert,User,User,Beginner,Team lead,"Agency candidate news expect this simply. Center believe wish quality beyond.
Answer risk team provide star consumer.","Along on interview try. Name from law thank.
Within sound team price need ahead require. Red east across feeling.",NA
14,I do not want to disclose my gender,665,NA,NA,NA,NA,EXA-00-0000,Example Project,Expert,Beginner,Advanced,Beginner,Beginner,Expert,Beginner,Beginner,Beginner,User,User,Expert,User,Expert,Beginner,Beginner,Beginner,User,User,Expert,Expert,Advanced,Beginner,User,Expert,Advanced,Expert,Beginner,Team member,"Interview race travel security. Ready one young share human.
Rate design pressure. Student such election here. Stay five scene while site.","Director rich want get. From animal find game better. Lose system be think include property.
Recently father their system over. Talk debate who.",NA
15,Non-binary,602,NA,NA,NA,NA,EXA-00-0000,Example Project,Expert,Advanced,User,Advanced,Beginner,Expert,Advanced,Advanced,Expert,User,Beginner,Advanced,Expert,Advanced,Advanced,Expert,Expert,Advanced,Expert,Expert,User,Expert,Advanced,Advanced,User,Advanced,Beginner,Expert,Team lead,Physical same about government quickly whom under. Bill between each everyone machine professor.,"Left thus half about.
Much probably know soldier. Decide worker dog animal even.
Give happy allow. Chance tree subject.",NA
16,Genderqueer,603,NA,NA,NA,NA,EXA-00-0000,Example Project,Beginner,Expert,Advanced,Expert,Beginner,User,Expert,Expert,Advanced,Beginner,User,Beginner,User,User,Advanced,Beginner,Advanced,User,Advanced,Expert,Beginner,Beginner,User,Advanced,Advanced,User,User,Beginner,Team trainee,"Arrive guy toward ask wait. Worry choice enter.
Better enough discover artist cup. Behind international security night your. From site shake expert goal relationship.",Recognize war game if reveal dinner hospital. Find certainly authority rich really likely himself. Skin increase policy so war speak language turn.,NA
17,Male,768,NA,NA,NA,NA,EXA-00-0000,Example Project,Expert,Expert,User,Advanced,Advanced,User,User,Advanced,User,Beginner,Advanced,User,User,Expert,Expert,Advanced,Expert,User,Advanced,Expert,Advanced,Advanced,Advanced,User,User,Expert,User,User,Team member,"Rise fire amount vote difference. Recently focus test future natural while.
See individual one room. Firm rate however exist. Say find beyond machine. Result detail someone bank main maintain the.","Along data area reflect skill avoid experience. Conference bring red important. Soon worker after long drug.
Back up teacher behind. Media ever affect action ask hand. Value city enter else.",NA
18,Female,709,NA,NA,NA,NA,EXA-00-0000,Example Project,User,Expert,User,User,User,User,Expert,Advanced,Expert,Expert,Expert,User,Expert,User,Advanced,Beginner,Advanced,Advanced,Beginner,User,Advanced,Advanced,User,User,Expert,User,Beginner,Beginner,Team trainee,"Tell sport hard something special. Remain ready child those return month. First dog them.
Trip reality order interview evening hour more.","Hundred politics best election PM town. Give civil south open. Dinner admit leader notice need early game modern.
Rule ever purpose deal minute government. Night young play sport.",NA
19,Female,91,NA,NA,NA,NA,EXA-00-0000,Example Project,Advanced,Beginner,Advanced,User,Expert,Beginner,Expert,Beginner,User,Beginner,Advanced,User,User,Advanced,Beginner,Advanced,Beginner,User,Expert,User,Advanced,Expert,Advanced,Expert,User,Advanced,Advanced,Expert,Team lead,Wide remember together population state start. Scientist require against on want. Reality cut take treat decide. Add education suffer born man must example.,"Sign take really agreement. Citizen process begin expect whole.
Situation media certain success. Night choose across real gun risk house.",NA
20,Female,953,NA,NA,NA,NA,EXA-00-0000,Example Project,Beginner,Beginner,Expert,Advanced,Expert,Expert,Expert,User,Advanced,Advanced,User,User,User,User,User,Beginner,User,Advanced,User,User,User,Beginner,Advanced,Advanced,Beginner,Beginner,Expert,Advanced,Team lead,"Society friend around site. Concern political adult future probably according must.
Happy really style democratic force treatment. Like strategy a forget. Simply leader performance green color.",Career contain cold fear. Paper marriage loss five door. Think despite fish job professional environmental lose.,NA
21,Male,348,NA,NA,NA,NA,EXA-00-0000,Example Project,Beginner,Beginner,Expert,User,User,Advanced,User,Expert,Beginner,Advanced,Beginner,User,Beginner,User,Beginner,Expert,Beginner,Expert,Advanced,Advanced,User,User,Beginner,Advanced,User,Beginner,Beginner,User,Team lead,"History send food lawyer experience structure. Where set bar friend really operation.
Bag cause along later record over. Citizen continue whom.
Hold charge raise good.
Loss task throughout.","Building soon ten particular some painting. Respond add often rather page knowledge.
Drug executive expect anyone especially. Simple develop end challenge like too several.",NA
22,Female,649,NA,NA,NA,NA,EXA-00-0000,Example Project,Expert,Beginner,Advanced,User,Beginner,User,User,Advanced,User,Expert,Advanced,Beginner,Advanced,User,User,Advanced,Beginner,Beginner,Expert,User,Expert,Beginner,Advanced,Beginner,User,Advanced,Beginner,Beginner,Team lead,"Realize certain month cultural budget or. After than generation good under.
Letter be leave foreign federal alone. Reduce would focus history above. Near most threat improve product meeting.",Natural enjoy people career about seem. Development skin bar second nor put itself. Our senior cell state data figure interview.,NA
23,Male,989,NA,NA,NA,NA,EXA-00-0000,Example Project,User,Advanced,User,Advanced,User,User,Beginner,Expert,Beginner,Advanced,Beginner,Advanced,Advanced,Beginner,User,Expert,Expert,User,Advanced,Beginner,Expert,Advanced,Beginner,Advanced,Beginner,Expert,User,Beginner,Team member,"Benefit bank away get at.
Range word late card whatever stock free. Alone reveal sign feel hear office cover. Phone senior natural goal.
Fire win attention pretty. Learn team station impact.","Form yes detail data. Maintain movie state.
Allow fish age particularly follow industry. Few newspaper recently production might. Travel out citizen always gun wear prevent share.",NA
24,Female,355,NA,NA,NA,NA,EXA-00-0000,Example Project,Advanced,Expert,Advanced,Expert,Advanced,User,Beginner,Advanced,Advanced,Advanced,Expert,Beginner,Beginner,Beginner,User,Beginner,Advanced,Expert,User,Advanced,Advanced,Expert,Beginner,User,Beginner,Advanced,Advanced,Expert,Team trainee,"Investment act everything effort senior appear.
Offer positive guess. Food son management approach.
Lot trade along agreement. Personal population within college.
Air unit usually during.",Trouble bad season. After read country education cell.,NA
25,I do not want to disclose my gender,840,NA,NA,NA,NA,EXA-00-0000,Example Project,Expert,Advanced,User,User,Expert,User,Expert,User,User,Beginner,Advanced,User,User,User,Expert,User,Expert,User,Advanced,Advanced,Beginner,Advanced,User,User,User,Beginner,Beginner,Expert,Team lead,Significant provide list stuff prepare structure. Drug produce health. True wind including size late ahead trade thing.,Lay relationship themselves. Town subject television air data still control. Stock create tough just cost.,NA
26,Female,26,NA,NA,NA,NA,EXA-00-0000,Example Project,User,Beginner,Advanced,Beginner,Advanced,User,Expert,Expert,Expert,Beginner,User,User,Advanced,Expert,User,User,Expert,User,Advanced,Advanced,User,User,Beginner,Beginner,Expert,User,Beginner,Advanced,Team lead,"Agent his though standard election land. State peace plant.
Smile once after. Same with above paper evening relationship. Pressure work benefit fund blue Mr term force.","Central task piece particular would sign big. Impact leave couple thought far appear.
Population land full force present court responsibility. Allow bit plant camera leg process.",NA
27,Non-binary,519,NA,NA,NA,NA,EXA-00-0000,Example Project,User,Advanced,Advanced,Advanced,Beginner,Beginner,User,Beginner,Beginner,Expert,User,User,Beginner,Beginner,Expert,Expert,Expert,Advanced,User,Expert,Advanced,Beginner,User,Advanced,Expert,User,Expert,Expert,Team lead,Relationship north type do from how senior. Plant know thank however goal paper only.,Whether personal American part serious daughter source. Style peace entire treatment sport page. President guess force road us smile cover.,NA
28,Non-binary,426,NA,NA,NA,NA,EXA-00-0000,Example Project,Advanced,Advanced,User,Beginner,Beginner,Expert,Expert,Advanced,Expert,Advanced,Advanced,User,User,Beginner,User,User,Advanced,Expert,Advanced,User,Expert,User,User,Beginner,Advanced,Advanced,Beginner,User,Team lead,"Lead girl word. Police war already trip down million.
Long value outside agreement control trade two. Require level suffer painting everybody. Sound form camera nothing.",Single activity training occur. Throw table difficult military.,NA
29,Male,649,NA,NA,NA,NA,EXA-00-0000,Example Project,Advanced,Beginner,Expert,User,User,Expert,Beginner,Beginner,User,User,Beginner,User,Beginner,Beginner,User,User,Advanced,User,User,Expert,Expert,User,Beginner,Beginner,Expert,User,Advanced,User,Team member,Treatment tonight key begin answer present skin successful. Determine once bill artist field.,Security leave walk question travel thank almost. Or college daughter network conference. Allow call of story since.,NA
30,Male,766,NA,NA,NA,NA,EXA-00-0000,Example Project,Advanced,Expert,User,Beginner,User,Expert,User,User,Advanced,User,Advanced,User,Beginner,Beginner,Beginner,Advanced,User,Expert,Advanced,Beginner,Expert,Advanced,User,Beginner,Expert,Expert,User,User,Team member,Mrs position system different across. Act large where base half.,"Develop air image small. Watch many away five.
Same season place election red behind pressure.",NA
